{"cameraMode":{"drawMode":0,"name":"Shaded","section":"Shading Mode"},"sceneLighting":false,"audioPlay":false,"sceneViewState":{"showFog":true,"showMaterialUpdate":false,"showSkybox":false,"showFlares":true,"showImageEffects":true,"showParticleSystems":true},"in2DMode":false,"pivot":{"x":-5.513429641723633e-7,"y":0.2392524629831314,"z":-0.000004887580871582031},"rotation":{"x":0.00541682867333293,"y":0.9767201542854309,"z":-0.2130964696407318,"w":0.02489728480577469},"size":0.2563183009624481,"orthographic":false}