{"cameraMode":{"drawMode":0,"name":"Shaded","section":"Shading Mode"},"sceneLighting":false,"audioPlay":false,"sceneViewState":{"showFog":true,"showMaterialUpdate":false,"showSkybox":false,"showFlares":true,"showImageEffects":true,"showParticleSystems":true},"in2DMode":false,"pivot":{"x":-8.940696716308594e-8,"y":0.09212621301412583,"z":0.0},"rotation":{"x":0.00541682867333293,"y":0.9767201542854309,"z":-0.2130964696407318,"w":0.02489728480577469},"size":0.2136445939540863,"orthographic":false}