{"cameraMode":{"drawMode":0,"name":"Shaded","section":"Shading Mode"},"sceneLighting":false,"audioPlay":false,"sceneViewState":{"showFog":true,"showMaterialUpdate":false,"showSkybox":false,"showFlares":true,"showImageEffects":true,"showParticleSystems":true},"in2DMode":false,"pivot":{"x":-30.233375549316408,"y":1.98349928855896,"z":1.2143570184707642},"rotation":{"x":0.0023078168742358686,"y":0.9656510949134827,"z":-0.2597907483577728,"w":0.008679354563355446},"size":6.7456374168396,"orthographic":false}