{"cameraMode":{"drawMode":0,"name":"Shaded","section":"Shading Mode"},"sceneLighting":false,"audioPlay":false,"sceneViewState":{"showFog":true,"showMaterialUpdate":false,"showSkybox":true,"showFlares":true,"showImageEffects":true,"showParticleSystems":true},"in2DMode":false,"pivot":{"x":8.621238708496094,"y":-0.8345108032226563,"z":-19.451766967773439},"rotation":{"x":0.2583569288253784,"y":0.0032162333372980358,"z":-0.0008110241615213454,"w":0.9660959243774414},"size":49.98329544067383,"orthographic":false}