{"cameraMode":{"drawMode":0,"name":"Shaded","section":"Shading Mode"},"sceneLighting":false,"audioPlay":false,"sceneViewState":{"showFog":true,"showMaterialUpdate":false,"showSkybox":true,"showFlares":true,"showImageEffects":true,"showParticleSystems":true},"in2DMode":false,"pivot":{"x":-9.624917984008789,"y":2.9513721466064455,"z":-5.135589599609375},"rotation":{"x":-0.08217283338308335,"y":-0.9135569334030151,"z":0.23111960291862489,"w":-0.3245709538459778},"size":25.47329330444336,"orthographic":false}