{"cameraMode":{"drawMode":0,"name":"Shaded","section":"Shading Mode"},"sceneLighting":true,"audioPlay":false,"sceneViewState":{"showFog":true,"showMaterialUpdate":true,"showSkybox":true,"showFlares":true,"showImageEffects":true,"showParticleSystems":true},"in2DMode":false,"pivot":{"x":-23.28219223022461,"y":0.472628116607666,"z":4.0268425941467289},"rotation":{"x":0.06404151767492295,"y":0.9260333180427551,"z":-0.3237321674823761,"w":0.1831902414560318},"size":3.2779531478881838,"orthographic":false}