{"cameraMode":{"drawMode":0,"name":"Shaded","section":"Shading Mode"},"sceneLighting":true,"audioPlay":false,"sceneViewState":{"showFog":true,"showMaterialUpdate":false,"showSkybox":false,"showFlares":true,"showImageEffects":true,"showParticleSystems":true},"in2DMode":false,"pivot":{"x":9.367805480957032,"y":-1.552632451057434,"z":-16.682815551757814},"rotation":{"x":0.3256571292877197,"y":-0.11954318732023239,"z":0.0415484681725502,"w":0.9369791150093079},"size":9.937829971313477,"orthographic":false}