{"cameraMode":{"drawMode":0,"name":"Shaded","section":"Shading Mode"},"sceneLighting":true,"audioPlay":false,"sceneViewState":{"showFog":true,"showMaterialUpdate":false,"showSkybox":true,"showFlares":true,"showImageEffects":true,"showParticleSystems":true},"in2DMode":false,"pivot":{"x":-3.594322681427002,"y":0.8258910179138184,"z":-0.41391706466674807},"rotation":{"x":0.00038051942829042673,"y":0.9672825932502747,"z":-0.25369641184806826,"w":0.0014514680951833726},"size":2.2324442863464357,"orthographic":false}