{"cameraMode":{"drawMode":0,"name":"Shaded","section":"Shading Mode"},"sceneLighting":true,"audioPlay":false,"sceneViewState":{"showFog":true,"showMaterialUpdate":false,"showSkybox":false,"showFlares":true,"showImageEffects":true,"showParticleSystems":true},"in2DMode":false,"pivot":{"x":9.367805480957032,"y":-1.552632451057434,"z":-16.682815551757814},"rotation":{"x":0.0005676582804881036,"y":0.9851007461547852,"z":-0.1719500571489334,"w":0.0032517900690436365},"size":9.937829971313477,"orthographic":false}