{"cameraMode":{"drawMode":0,"name":"Shaded","section":"Shading Mode"},"sceneLighting":true,"audioPlay":false,"sceneViewState":{"showFog":true,"showMaterialUpdate":true,"showSkybox":true,"showFlares":true,"showImageEffects":true,"showParticleSystems":true},"in2DMode":false,"pivot":{"x":-2.7324392795562746,"y":0.9441689252853394,"z":4.0910468101501469},"rotation":{"x":0.427823007106781,"y":0.5054320693016052,"z":-0.31885918974876406,"w":0.6781433820724487},"size":0.43572837114334109,"orthographic":false}