{"cameraMode":{"drawMode":0,"name":"Shaded","section":"Shading Mode"},"sceneLighting":false,"audioPlay":false,"sceneViewState":{"showFog":true,"showMaterialUpdate":true,"showSkybox":false,"showFlares":true,"showImageEffects":true,"showParticleSystems":true},"in2DMode":false,"pivot":{"x":-0.6695005297660828,"y":0.4866490364074707,"z":-3.8746190071105959},"rotation":{"x":-0.05454593896865845,"y":0.9436140656471252,"z":-0.19847112894058228,"w":-0.2593232989311218},"size":2.114403486251831,"orthographic":false}