{"cameraMode":{"drawMode":0,"name":"Shaded","section":"Shading Mode"},"sceneLighting":false,"audioPlay":false,"sceneViewState":{"showFog":true,"showMaterialUpdate":true,"showSkybox":false,"showFlares":true,"showImageEffects":true,"showParticleSystems":true},"in2DMode":false,"pivot":{"x":-0.9684361219406128,"y":0.5590755939483643,"z":1.824532389640808},"rotation":{"x":-0.007091113366186619,"y":0.9592809677124023,"z":-0.2813684940338135,"w":-0.02417776547372341},"size":1.0693600177764893,"orthographic":false}